<?xml version="1.0" encoding="UTF-8"?>
<project-private xmlns="http://www.netbeans.org/ns/project-private/1">
    <editor-bookmarks xmlns="http://www.netbeans.org/ns/editor-bookmarks/2" lastBookmarkId="0"/>
    <open-files xmlns="http://www.netbeans.org/ns/projectui-open-files/2">
        <group>
            <file>file:/home/steven/NetBeansProjects/Mancala-1.0/src/mancala/pkg1/pkg0/MancalaGame.java</file>
            <file>file:/home/steven/NetBeansProjects/Mancala-1.0/src/mancala/pkg1/pkg0/Board.java</file>
            <file>file:/home/steven/NetBeansProjects/Mancala-1.0/src/mancala/pkg1/pkg0/Player.java</file>
            <file>file:/home/steven/NetBeansProjects/Mancala-1.0/src/mancala/pkg1/pkg0/Stones.java</file>
        </group>
    </open-files>
</project-private>
